pubblicata_da;anno_rif;tipologia_opera_incompiuta;perc_avanzamento;mancanza_fondi;cause_tecniche;importo_complessivo;natura_opera;tipologia_cup;ambito_oggettivo;categoria;comunitaria;data_assegnazione_cup;lat;lon;indirizzo;distance_from_you
regione siciliana;2016;a;18.02;no;si;727265.0;realizzazione di lavori pubblici (opere ed impiantistica);nuova_reali;regionale;altri servizi per la collettivita';None;2006-09-07;36.7055441393131;15.076909493362;None;721.94851179683
regione siciliana;2016;b;9.51;si;None;504904.44;realizzazione di lavori pubblici (opere ed impiantistica);nuova_reali;regionale;altre opere di edilizia pubblica;None;2013-06-04;36.75917662081;14.9329675586904;via dell'architettura;713.2213921394571
regione siciliana;2016;b;47.5;no;no;729850.33;realizzazione di lavori pubblici (opere ed impiantistica);nuova_reali;regionale;fabbricati residenziali urbani;None;2013-07-03;36.8208346485807;14.5214282731145;via circonvallazione;699.2018741499146
regione siciliana;2016;c;100.0;None;None;377813.14;realizzazione di lavori pubblici (opere ed impiantistica);nuova_reali;regionale;altre strutture ricreative;None;2015-07-24;36.7873448969634;11.9945169830812;via kazen;696.1050574070497
regione siciliana;2016;c;96.29;None;None;1881876.0;realizzazione di lavori pubblici (opere ed impiantistica);nuova_reali;regionale;strade regionali, provinciali e comunali;None;2015-07-24;36.7873448969634;11.9945169830812;varie localit?;696.1050574070497
regione siciliana;2016;a;21.77;si;None;431187.29;realizzazione di lavori pubblici (opere ed impiantistica);nuova_reali;regionale;residenze sanitarie assistenziali;None;2015-07-24;36.7873448969634;11.9945169830812;via roma;696.1050574070497
regione siciliana;2016;b;59.04;no;no;700378.31;realizzazione di lavori pubblici (opere ed impiantistica);nuova_reali;regionale;chiese ed altri luoghi di culto;None;2010-09-28;36.9069959713245;14.6641849488022;cda cisternazzi;692.1588493851237
regione siciliana;2016;b;24.42;no;no;274927.04;realizzazione di lavori pubblici (opere ed impiantistica);nuova_reali;regionale;fabbricati residenziali urbani;None;2013-07-02;36.9069959713245;14.6641849488022;via cesare terranova;692.1588493851237
regione siciliana;2016;b;26.2;no;no;276098.36;realizzazione di lavori pubblici (opere ed impiantistica);nuova_reali;regionale;fabbricati residenziali urbani;None;2013-07-03;37.0115068788632;14.4420068047717;via manzoni-via balilla;677.0902786304763
regione siciliana;2016;a;2.45;si;no;45000.0;realizzazione di lavori pubblici (opere ed impiantistica);nuova_reali;regionale;fabbricati residenziali urbani;None;2017-03-29;37.2108836353951;15.0996105591459;cda cavittula;667.9643474228085
regione siciliana;2016;b;14.44;si;no;688717.0;realizzazione di lavori pubblici (opere ed impiantistica);nuova_reali;regionale;reti idriche urbane;None;2014-01-28;37.1385159183789;14.6777029253436;via centro abitato;667.1772466319912
regione siciliana;2016;b;50.29;no;no;489411.4;realizzazione di lavori pubblici (opere ed impiantistica);nuova_reali;regionale;edilizia scolastica;None;2008-11-27;37.262436547565;15.1488281223169;via gramsci;663.5612903109279
regione siciliana;2016;b;15.86;si;si;1065535.93;realizzazione di lavori pubblici (opere ed impiantistica);nuova_reali;regionale;edilizia scolastica;None;2009-01-29;37.262436547565;15.1488281223169;cda salina;663.5612903109279
regione siciliana;2016;a;7.32;no;no;151000.0;realizzazione di lavori pubblici (opere ed impiantistica);nuova_reali;regionale;fabbricati residenziali urbani;None;2017-03-29;37.262436547565;15.1488281223169;via buozzi;663.5612903109279
regione siciliana;2016;a;8.25;si;no;284505.12;realizzazione di lavori pubblici (opere ed impiantistica);nuova_reali;regionale;strade regionali, provinciali e comunali;si;2004-10-26;37.1544836894666;13.9190259659519;None;654.6655568348767
regione siciliana;2016;a;39.09;no;si;566432.09;realizzazione di lavori pubblici (opere ed impiantistica);nuova_reali;regionale;impianti sportivi;None;2013-09-27;37.1544836894666;13.9190259659519;via corso umberto ii;654.6655568348767
regione siciliana;2016;a;37.61;si;si;553566.95;realizzazione di lavori pubblici (opere ed impiantistica);nuova_reali;regionale;impianti sportivi;None;2013-09-27;37.1544836894666;13.9190259659519;via pastrengo;654.6655568348767
regione siciliana;2016;a;84.13;no;si;5277864.69;realizzazione di lavori pubblici (opere ed impiantistica);nuova_reali;regionale;infrastrutture civili per aree industriali;None;2006-08-04;37.1917263068008;14.1293575185939;contrada burgio;652.9367151724085
regione siciliana;2016;a;25.88;no;si;340659.89;realizzazione di lavori pubblici (opere ed impiantistica);nuova_reali;regionale;altre infrastrutture per attrezzature di aree produttive;si;2010-07-28;37.1917263068008;14.1293575185939;contrada burgio;652.9367151724085
regione siciliana;2016;b;22.98;None;None;447500.11;realizzazione di lavori pubblici (opere ed impiantistica);nuova_reali;regionale;fabbricati residenziali urbani;None;2005-06-17;37.2778879544165;14.4243965976854;None;647.6588024826157
regione siciliana;2016;a;94.61;no;si;41478137.86;realizzazione di lavori pubblici (opere ed impiantistica);nuova_reali;regionale;dighe;None;2011-07-27;37.4209778027812;14.4976311815318;territorio dei comuni aidone (en) e mineo (ct);633.2282478852771
regione siciliana;2016;b;2.01;None;None;126224.49;realizzazione di lavori pubblici (opere ed impiantistica);nuova_reali;regionale;sistemi di parcheggio;si;2016-03-31;37.3221373540798;13.5662379030609;piazzale rosselli;633.1758331301132
regione siciliana;2016;a;36.51;no;no;1149942.2;realizzazione di lavori pubblici (opere ed impiantistica);nuova_reali;regionale;reti idriche urbane;None;2017-03-31;37.5287626973188;14.93740247276;localit? ficominutilla;630.1398232790809
regione siciliana;2016;b;19.16;si;no;474107.43;realizzazione di lavori pubblici (opere ed impiantistica);nuova_reali;regionale;residenze sanitarie assistenziali;None;2013-11-20;37.5287626973188;14.93740247276;via anna frank;630.1398232790809
regione siciliana;2016;a;20.49;si;None;334998.0;realizzazione di lavori pubblici (opere ed impiantistica);nuova_reali;regionale;impianti sportivi;None;2016-03-24;37.6223328185339;15.0956095507008;via sapienza;623.7513495212331
regione siciliana;2016;b;12.88;None;si;84893.97;realizzazione di lavori pubblici (opere ed impiantistica);nuova_reali;regionale;altri impianti produzione energie rinnovabili e alternative;si;2013-12-03;37.4220566058414;13.686114757981;via acquanova;622.962665746406
regione siciliana;2016;a;45.95;si;si;1360472.55;realizzazione di lavori pubblici (opere ed impiantistica);nuova_reali;regionale;edilizia sociale, culturale e assistenziale;None;2016-03-30;37.509703734936;14.3910777807741;via cusmano;621.7744472884957
ministero delle infrastrutture e dei trasporti - dipartimento per i trasporti, la navigazione, gli affari generali e del personale;2016;a;41.53;no;si;38861.47;realizzazione di lavori pubblici (opere ed impiantistica);nuova_reali;regionale;laboratori attrezzati per la ricerca;None;2015-03-23;37.6600043182858;14.952626583107;contrada zappinata localita' serra la nave;616.3665818612066
regione siciliana;2016;b;14.57;None;None;1120927.68;realizzazione di lavori pubblici (opere ed impiantistica);nuova_reali;regionale;fabbricati residenziali urbani;None;2011-11-24;37.71867068802;15.1679503047927;via trieste, loc jungo;615.2526805479229
regione siciliana;2016;b;27.33;si;no;133828.96;realizzazione di lavori pubblici (opere ed impiantistica);nuova_reali;regionale;impianti sportivi;None;2014-03-26;37.4953957686569;13.4216027082497;via papa giovanni xxiii n? 9;613.1265116418743
regione siciliana;2016;b;54.38;si;None;774686.0;realizzazione di lavori pubblici (opere ed impiantistica);nuova_reali;regionale;strade rurali;None;2014-04-03;37.5181985229119;13.3228663843621;pozzillo;610.16242950003
regione siciliana;2016;a;42.35;si;None;661065.0;realizzazione di lavori pubblici (opere ed impiantistica);nuova_reali;regionale;strade rurali;None;2014-04-03;37.5181985229119;13.3228663843621;catalano;610.16242950003
regione siciliana;2016;a;31.24;no;si;806535.28;realizzazione di lavori pubblici (opere ed impiantistica);nuova_reali;regionale;impianti sportivi;None;2006-10-30;37.5456706101071;13.4641980957476;None;607.7679862209437
regione siciliana;2016;b;50.0;si;None;1415000.0;realizzazione di lavori pubblici (opere ed impiantistica);nuova_reali;regionale;impianti sportivi;None;2013-06-13;37.6762523638812;14.1219486400886;via san filippo;599.5455398452852
regione siciliana;2016;b;41.43;si;None;1415000.0;realizzazione di lavori pubblici (opere ed impiantistica);nuova_reali;regionale;altre strutture ricreative;si;2010-06-24;37.6762523638812;14.1219486400886;via aldo moro;599.5455398452852
regione siciliana;2016;b;38.11;si;no;6700000.0;realizzazione di lavori pubblici (opere ed impiantistica);nuova_reali;regionale;strade regionali, provinciali e comunali;None;2016-03-30;37.9047427462698;15.3056972785409;territorio gallodoro-letojanni;599.146918443057
regione siciliana;2016;c;85.39;no;no;12063553.5;realizzazione di lavori pubblici (opere ed impiantistica);nuova_reali;regionale;piste ciclabili;None;2017-06-26;37.855872401964;15.0839455752636;strada costa;598.5247148646484
regione siciliana;2016;c;45.22;si;no;1238183.88;realizzazione di lavori pubblici (opere ed impiantistica);nuova_reali;regionale;edilizia sociale, culturale e assistenziale;None;2017-06-26;37.855872401964;15.0839455752636;via rosario cimino (c/da arzilla);598.5247148646484
regione siciliana;2016;a;20.39;si;no;273600.14;realizzazione di lavori pubblici (opere ed impiantistica);nuova_reali;regionale;edilizia sociale, culturale e assistenziale;None;2017-06-26;37.855872401964;15.0839455752636;localita' san vincenzo;598.5247148646484
regione siciliana;2016;a;50.0;si;None;1000000.0;realizzazione di lavori pubblici (opere ed impiantistica);nuova_reali;regionale;impianti sportivi;None;2015-06-23;37.9050696082579;15.2575748516529;contrada incenzo;597.8017866162019
regione siciliana;2016;a;0.0;si;no;0.0;realizzazione di lavori pubblici (opere ed impiantistica);nuova_reali;regionale;altre opere di edilizia pubblica;None;2016-03-25;37.7025334137285;14.1204843461582;via facitelli;596.6378061195403
regione siciliana;2016;a;0.0;si;no;0.0;realizzazione di lavori pubblici (opere ed impiantistica);nuova_reali;regionale;strade regionali, provinciali e comunali;None;2016-03-25;37.7025334137285;14.1204843461582;via stazzone;596.6378061195403
regione siciliana;2016;b;21.77;None;None;278303.13;realizzazione di lavori pubblici (opere ed impiantistica);nuova_reali;regionale;chiese ed altri luoghi di culto;None;2013-11-28;37.6554527335716;13.1140480719142;via zona di trasferimento;594.3649940739992
regione siciliana;2016;b;8.08;None;None;127537.92;realizzazione di lavori pubblici (opere ed impiantistica);nuova_reali;regionale;impianti sportivi;None;2013-11-28;37.6554527335716;13.1140480719142;via zona di trasferimento;594.3649940739992
regione calabria;2016;c;40.91;si;no;2098918.0;realizzazione di lavori pubblici (opere ed impiantistica);nuova_reali;regionale;teatri ed altre strutture per lo spettacolo;None;2014-09-22;38.2864542444162;16.2758905419366;via amendola;592.4114100150042
regione siciliana;2016;b;27.59;no;no;101066.31;realizzazione di lavori pubblici (opere ed impiantistica);nuova_reali;regionale;strade regionali, provinciali e comunali;None;2013-07-12;37.7300878944873;13.9881316026472;catalani;591.9241897169321
regione siciliana;2016;b;46.86;si;None;335129.45;realizzazione di lavori pubblici (opere ed impiantistica);nuova_reali;regionale;strade regionali, provinciali e comunali;None;2014-03-13;37.9992759054311;15.3313109602563;via panoramica;589.8924479616181
regione siciliana;2016;a;49.42;si;None;2595483.54;realizzazione di lavori pubblici (opere ed impiantistica);nuova_reali;regionale;consolidamento abitati;None;2010-07-02;37.7839516738072;14.1265153883274;frazioni di madonnuzza, raffo, pellizzara, cipampini, gulini e fasan?;587.7751439293171
regione siciliana;2016;a;37.91;si;None;7301517.21;realizzazione di lavori pubblici (opere ed impiantistica);nuova_reali;regionale;altre opere stradali;None;2010-07-02;37.7839516738072;14.1265153883274;frazione madonnuzza;587.7751439293171
regione siciliana;2016;a;0.0;si;None;0.0;realizzazione di lavori pubblici (opere ed impiantistica);nuova_reali;regionale;altre opere stradali;None;2010-07-02;37.7839516738072;14.1265153883274;frazione madonnuzza;587.7751439293171
regione siciliana;2016;a;0.0;si;None;0.0;realizzazione di lavori pubblici (opere ed impiantistica);nuova_reali;regionale;altre opere stradali;None;2010-07-02;37.7839516738072;14.1265153883274;frazione madonnuzza;587.7751439293171
regione siciliana;2016;b;2.93;no;si;27248.82;realizzazione di lavori pubblici (opere ed impiantistica);nuova_reali;regionale;strade regionali, provinciali e comunali;None;2016-03-22;38.0437680093241;15.4036964379685;via spirito santo;587.2945050585226
regione siciliana;2016;c;67.82;None;None;844055.0;realizzazione di lavori pubblici (opere ed impiantistica);nuova_reali;regionale;reti idriche rurali;None;2013-10-21;37.7719228714895;13.9710433963543;area esterna centro abitato;587.1118396767725
regione siciliana;2016;b;35.54;si;None;645138.0;realizzazione di lavori pubblici (opere ed impiantistica);nuova_reali;regionale;strade regionali, provinciali e comunali;None;2010-06-22;37.7719228714895;13.9710433963543;contrada portella delle piante;587.1118396767725
regione siciliana;2016;a;29.66;si;None;619748.83;realizzazione di lavori pubblici (opere ed impiantistica);nuova_reali;regionale;impianti sportivi;None;2013-09-24;37.8670681493696;14.4872403810894;via enrico berlinguer;584.442450516634
regione siciliana;2016;b;2.76;si;no;85080.76;realizzazione di lavori pubblici (opere ed impiantistica);nuova_reali;regionale;altre opere di edilizia pubblica;None;2013-11-08;37.8670681493696;14.4872403810894;localit? timpe russo;584.442450516634
regione siciliana;2016;a;59.54;si;no;654925.7;realizzazione di lavori pubblici (opere ed impiantistica);nuova_reali;regionale;impianti sportivi;None;2013-09-26;38.0161931611718;15.1290922749536;pianostretto;582.6166019156929
regione siciliana;2016;a;50.94;si;no;662355.97;realizzazione di lavori pubblici (opere ed impiantistica);nuova_reali;regionale;impianti sportivi;None;2013-09-26;38.0161931611718;15.1290922749536;contrada "madala;582.6166019156929
regione siciliana;2016;b;14.1;no;no;4969070.4;realizzazione di lavori pubblici (opere ed impiantistica);nuova_reali;nazionale;dighe;None;2015-09-23;37.8001258884747;13.316816996221;cda: piano del campo;578.8203192431222
regione siciliana;2016;c;55.21;si;si;1715196.63;realizzazione di lavori pubblici (opere ed impiantistica);nuova_reali;regionale;strade regionali, provinciali e comunali;None;2013-01-21;38.0604794922609;15.0649791451205;c/de carrozzo - larderia;576.2563956650574
regione siciliana;2016;c;38.55;si;si;961843.13;realizzazione di lavori pubblici (opere ed impiantistica);nuova_reali;regionale;infrastrutture civili per aree industriali;None;2013-01-21;38.0604794922609;15.0649791451205;c/da pezzagrande;576.2563956650574
regione siciliana;2016;c;28.9;si;si;620296.1;realizzazione di lavori pubblici (opere ed impiantistica);nuova_reali;regionale;altre infrastrutture per attrezzature di aree produttive;None;2013-01-21;38.0604794922609;15.0649791451205;c/da pezzagrande;576.2563956650574
regione siciliana;2016;b;68.27;si;si;721680.67;realizzazione di lavori pubblici (opere ed impiantistica);nuova_reali;regionale;strutture per la fruizione del patrimonio ambientale;None;2007-04-13;38.1356567754449;15.3375930845803;cascate cataolo;575.7360913778301
regione siciliana;2016;a;5.44;si;None;1265319.4;realizzazione di lavori pubblici (opere ed impiantistica);nuova_reali;regionale;strade regionali, provinciali e comunali;None;2013-11-25;37.9882346849568;14.7084438914317;cozzo bruno;575.6664749161368
regione siciliana;2016;b;3.8;None;None;43054.54;realizzazione di lavori pubblici (opere ed impiantistica);nuova_reali;regionale;impianti sportivi;None;2013-11-25;37.9882346849568;14.7084438914317;cda grazia;575.6664749161368
regione sardegna;2016;c;55.86;None;None;519862.69;realizzazione di lavori pubblici (opere ed impiantistica);nuova_reali;regionale;altre infrastrutture per attrezzature di aree produttive;None;2006-06-29;38.9699247536204;8.72774773334173;None;573.7738637930105
regione siciliana;2016;b;0.21;no;no;14004.33;realizzazione di lavori pubblici (opere ed impiantistica);nuova_reali;regionale;altre opere di edilizia abitativa;None;2013-12-13;37.8938565241366;13.8231291619409;c/da malluta;572.0247686502847
regione siciliana;2016;a;100.0;si;None;710916.91;realizzazione di lavori pubblici (opere ed impiantistica);nuova_reali;regionale;altre opere di edilizia pubblica;None;2013-10-14;37.8628515304079;12.8377193480935;---;571.3896086242547
regione siciliana;2016;a;58.64;si;None;509958.32;realizzazione di lavori pubblici (opere ed impiantistica);nuova_reali;regionale;altre opere di protezione, valorizzazione e fruizione ambientale;None;2013-10-14;37.8628515304079;12.8377193480935;via "comuna;571.3896086242547
regione siciliana;2016;a;65.5;no;si;1624786.04;realizzazione di lavori pubblici (opere ed impiantistica);nuova_reali;regionale;reti fognarie;si;2006-08-07;38.2055574038977;15.3923800300801;territorio comunale;570.0253436914929
regione siciliana;2016;a;18.67;si;no;293672.0;realizzazione di lavori pubblici (opere ed impiantistica);nuova_reali;regionale;altre opere di edilizia sociale;None;2013-12-11;38.1831556432706;15.2770601736024;via la scala;569.0101085588102
regione siciliana;2016;a;0.0;si;si;0.0;realizzazione di lavori pubblici (opere ed impiantistica);nuova_reali;regionale;altre opere di edilizia sociale;None;2013-12-11;38.1831556432706;15.2770601736024;via f arena;569.0101085588102
regione autonoma valle d'aosta;2016;a;54.2;no;no;607676.84;realizzazione di lavori pubblici (opere ed impiantistica);nuova_reali;regionale;altre opere di edilizia pubblica;None;2013-06-18;45.7008341700604;6.92115873904527;via m collomb;568.807116840046
regione siciliana;2016;c;94.5;no;si;443437.33;realizzazione di lavori pubblici (opere ed impiantistica);nuova_reali;regionale;altre opere di edilizia pubblica;None;2017-03-30;38.0737472859001;14.8132556663707;contrada contura;568.7616531950615
regione calabria;2016;a;17.8;None;si;78780.34;realizzazione di lavori pubblici (opere ed impiantistica);nuova_reali;regionale;impianti smaltimento rifiuti urbani;None;2013-10-03;38.5571258914293;16.3218895101419;loc roseto;567.5920171708433
regione siciliana;2016;c;11.81;si;None;133966.72;realizzazione di lavori pubblici (opere ed impiantistica);nuova_reali;regionale;impianti sportivi;si;2013-06-20;38.1030189500956;14.8936934676408;via san francesco;567.493624196373
regione siciliana;2016;b;100.0;None;si;330242.6;realizzazione di lavori pubblici (opere ed impiantistica);nuova_reali;regionale;impianti sportivi;None;2013-10-25;38.2046144299206;15.2431062431713;localit? "fossazzo;565.7907426755235
regione puglia;2016;c;86.26;si;si;534821.52;realizzazione di lavori pubblici (opere ed impiantistica);nuova_reali;regionale;edilizia sociale, culturale e assistenziale;None;2008-11-13;39.8476675109897;18.3057112558558;via de gasperi ang don sturzo;564.2164206573091
regione siciliana;2016;b;66.15;si;None;468942.86;realizzazione di lavori pubblici (opere ed impiantistica);nuova_reali;regionale;strade rurali;None;2013-11-27;37.9469565491197;13.4177294607926;c/da costa madonna;562.9804394544863
regione siciliana;2016;b;50.0;no;no;612300.0;realizzazione di lavori pubblici (opere ed impiantistica);nuova_reali;regionale;musei archivi e biblioteche;None;2003-11-03;37.9574169504743;12.5871289946806;None;561.7937854618481
regione puglia;2016;c;89.11;si;no;2865299.51;realizzazione di lavori pubblici (opere ed impiantistica);nuova_reali;regionale;impianti e reti irrigue aziendali;si;2005-04-15;39.9413693156598;18.3598638465104;territorio comunale;561.1373618110094
regione siciliana;2016;b;36.68;si;None;984221.3;realizzazione di lavori pubblici (opere ed impiantistica);nuova_reali;regionale;serbatoi ed impianti di sollevamento;None;2015-07-01;38.0329569210905;12.6382502185153;via caposcale;553.1541991596623
regione siciliana;2016;b;22.02;si;None;1864833.0;realizzazione di lavori pubblici (opere ed impiantistica);nuova_reali;regionale;strade regionali, provinciali e comunali;None;2015-07-01;38.0329569210905;12.6382502185153;fico;553.1541991596623
regione siciliana;2016;b;5.72;si;None;272767.0;realizzazione di lavori pubblici (opere ed impiantistica);nuova_reali;regionale;strade regionali, provinciali e comunali;None;2015-07-01;38.0329569210905;12.6382502185153;via acquasorbe;553.1541991596623
regione siciliana;2016;a;72.4;no;si;1580803.95;realizzazione di lavori pubblici (opere ed impiantistica);nuova_reali;regionale;altre infrastrutture per attrezzature di aree produttive;None;2008-10-08;38.0762688053667;13.4970833618521;via contrada monaco;549.0998473419585
regione calabria;2016;b;56.12;None;si;1685827.0;realizzazione di lavori pubblici (opere ed impiantistica);nuova_reali;regionale;altre opere di edilizia pubblica;None;2012-04-07;38.8899362670956;16.6025303321291;area della stazione cz sala, il parco e l'area dell'ex gasometro;547.9754582506098
regione calabria;2016;a;45.01;None;si;466913.18;realizzazione di lavori pubblici (opere ed impiantistica);nuova_reali;regionale;verde pubblico;None;2011-12-30;38.8899362670956;16.6025303321291;via marincola pistoia;547.9754582506098
regione calabria;2016;a;80.52;None;si;1109756.0;realizzazione di lavori pubblici (opere ed impiantistica);nuova_reali;regionale;strade regionali, provinciali e comunali;None;2014-09-24;38.6825031622739;16.0936078454461;viale della pace - sp per triparni;545.9798767954412
regione sardegna;2016;b;24.37;None;si;2916120.96;realizzazione di lavori pubblici (opere ed impiantistica);nuova_reali;regionale;altre infrastrutture per attrezzature di aree produttive;None;2011-11-16;39.1463326454774;8.96958517367078;viale agro dfi capoterra;545.5315513075872
regione puglia;2016;b;92.72;si;no;1960748.0;realizzazione di lavori pubblici (opere ed impiantistica);nuova_reali;regionale;altre infrastrutture per attrezzature di aree produttive;None;2012-08-02;40.1207198364727;18.2958296751682;zona industriale maglie-melpignano;544.4779970426248
regione autonoma valle d'aosta;2016;a;43.45;None;None;7393349.0;realizzazione di lavori pubblici (opere ed impiantistica);nuova_reali;regionale;aerostazioni;None;2009-03-10;45.7646681872189;7.35496810011733;localit? aeroporto;543.6216179369736
regione calabria;2016;c;40.29;si;si;72168.0;realizzazione di lavori pubblici (opere ed impiantistica);nuova_reali;regionale;impianti sportivi;si;2010-06-09;38.8987360300941;16.5180370054053;loc alicella;543.263760882068
regione siciliana;2016;c;66.22;None;si;2466186.0;realizzazione di lavori pubblici (opere ed impiantistica);nuova_reali;regionale;altre opere di protezione, valorizzazione e fruizione ambientale;None;2007-02-01;38.1178366328306;13.083431317825;altro porto di terrasini;542.9174609109971
regione siciliana;2016;b;13.76;None;None;2089286.97;realizzazione di lavori pubblici (opere ed impiantistica);nuova_reali;regionale;strade regionali, provinciali e comunali;None;2006-03-15;38.1302413395215;13.3310385167979;None;542.212610229282
regione puglia;2016;c;44.91;si;no;1255666.0;realizzazione di lavori pubblici (opere ed impiantistica);nuova_reali;regionale;impianti sportivi;None;2006-07-27;39.9609678455176;18.0686080412435;None;540.6385838136221
regione puglia;2016;c;25.36;si;no;509597.0;realizzazione di lavori pubblici (opere ed impiantistica);nuova_reali;regionale;impianti sportivi;None;2013-09-30;39.9609678455176;18.0686080412435;via vora;540.6385838136221
regione puglia;2016;c;0.0;si;no;0.0;realizzazione di lavori pubblici (opere ed impiantistica);nuova_reali;regionale;impianti sportivi;None;2017-03-31;39.9892193694581;18.0704123182022;localita' serrazzite;538.7284680720162
regione puglia;2016;a;14.57;None;None;70373.82;realizzazione di lavori pubblici (opere ed impiantistica);nuova_reali;regionale;edilizia sociale, culturale e assistenziale;None;2008-10-08;40.2079098581105;18.2913026101585;via g mameli;538.2912521582535
regione puglia;2016;b;2.2;si;si;15120.0;realizzazione di lavori pubblici (opere ed impiantistica);nuova_reali;regionale;fabbricati residenziali urbani;None;2013-10-07;40.2079098581105;18.2913026101585;via omero e trento;538.2912521582535
regione sardegna;2016;c;100.0;no;si;426398.17;realizzazione di lavori pubblici (opere ed impiantistica);nuova_reali;regionale;dighe;None;2014-03-27;39.3664517218744;8.77651130406084;loc canale sa rutedda;536.6605567478571
ministero delle infrastrutture e dei trasporti - dipartimento per i trasporti, la navigazione, gli affari generali e del personale;2016;b;13.08;si;si;46907860.0;realizzazione di lavori pubblici (opere ed impiantistica);nuova_reali;regionale;dighe;None;2015-05-14;39.0012828727431;16.563629310103;ss 109 localit? difesa gimigliano;535.729230860814
regione sardegna;2016;a;32.44;None;None;2716969.67;realizzazione di lavori pubblici (opere ed impiantistica);nuova_reali;regionale;strade regionali, provinciali e comunali;None;2005-06-16;39.2246638686689;9.08836013556461;None;532.423618891657
regione puglia;2016;b;0.0;si;no;0.0;realizzazione di lavori pubblici (opere ed impiantistica);nuova_reali;regionale;fabbricati residenziali urbani;None;2013-10-07;40.192712242216;18.1366030031599;via kennedy;528.8790303769754
regione sardegna;2016;b;41.38;si;si;354269.0;realizzazione di lavori pubblici (opere ed impiantistica);nuova_reali;regionale;restauro e riqualificazione di beni culturali;None;2007-05-09;39.3834057531623;8.91079450338812;via e porrino;527.8727772272796
regione sardegna;2016;b;29.71;no;no;61526.63;realizzazione di lavori pubblici (opere ed impiantistica);nuova_reali;regionale;altre strutture ricreative;None;2008-02-04;39.3525204060887;9.01361260756985;via pixinortu;525.0419227011248
regione puglia;2016;c;42.25;si;None;2726296.0;realizzazione di lavori pubblici (opere ed impiantistica);nuova_reali;regionale;difesa del suolo e regimazione acque;None;2008-11-24;40.2748030353461;18.1332354218504;via diverse;523.1002996100104
regione sardegna;2016;a;48.01;None;si;825458.49;realizzazione di lavori pubblici (opere ed impiantistica);nuova_reali;regionale;altre opere per l'utilizzo delle risorse idriche;si;2007-10-31;39.2266908470827;9.29277619571064;quartu selena - via autonomia regionale;521.8894096508085
regione sardegna;2016;a;0.72;None;si;30000.0;realizzazione di lavori pubblici (opere ed impiantistica);nuova_reali;regionale;altre opere per l'utilizzo delle risorse idriche;si;2007-10-31;39.2266908470827;9.29277619571064;centro abitato quartu sant'elena - zona musicisti;521.8894096508085
regione sardegna;2016;b;0.0;None;si;0.0;realizzazione di lavori pubblici (opere ed impiantistica);nuova_reali;regionale;verde pubblico;None;2011-10-10;39.2266908470827;9.29277619571064;via s'arrulloni angolo via beethoven;521.8894096508085
regione sardegna;2016;a;100.0;None;None;1913012.0;realizzazione di lavori pubblici (opere ed impiantistica);nuova_reali;regionale;strutture ospedaliere;None;2013-11-18;39.5503649823167;8.77716998070161;via roma;521.0771065066141
regione sardegna;2016;c;71.43;si;None;3250522.07;realizzazione di lavori pubblici (opere ed impiantistica);nuova_reali;regionale;interventi in aree archeologiche;None;2009-05-22;39.2581611736338;9.2643996595743;territorio comunale;520.4607180662325
regione sardegna;2016;b;74.11;None;None;2879473.43;realizzazione di lavori pubblici (opere ed impiantistica);nuova_reali;regionale;difesa del suolo e regimazione acque;None;2011-03-04;39.4884500260294;8.90715810507508;via localit? rio fluminimannu;519.0555505066502
regione sardegna;2016;c;5.57;si;si;764746.0;realizzazione di lavori pubblici (opere ed impiantistica);nuova_reali;regionale;impianti sportivi;None;2013-07-24;39.7719867094893;8.57566260880884;localit? arriu;514.711000989278
regione sardegna;2016;a;40.28;no;si;256086.95;realizzazione di lavori pubblici (opere ed impiantistica);nuova_reali;regionale;altre attrezzature per la pesca;None;2014-04-28;39.9346923098611;8.46559467253617;loc stagno mare pontis;508.6991656142637
regione calabria;2016;b;29.04;si;si;128047.0;realizzazione di lavori pubblici (opere ed impiantistica);nuova_reali;regionale;strade regionali, provinciali e comunali;None;2013-10-10;39.0862643481166;16.1251918954204;serrati;507.92387424284374
regione sardegna;2016;a;28.7;None;None;87777.36;realizzazione di lavori pubblici (opere ed impiantistica);nuova_reali;regionale;altre opere per il settore silvo-pastorale;None;2010-11-15;39.7549356414038;8.74394586585214;cf monte arci;506.1327032902592
regione piemonte;2016;b;14.85;None;None;57463.0;realizzazione di lavori pubblici (opere ed impiantistica);nuova_reali;regionale;altre infrastrutture;None;2013-08-12;45.2769425689351;7.51935092715445;via del chiappo;505.18861589267425
regione puglia;2016;b;0.0;si;no;0.0;realizzazione di lavori pubblici (opere ed impiantistica);nuova_reali;regionale;fabbricati residenziali urbani;None;2013-10-01;40.4544993932605;18.0359560695221;via tobaci, varisco, tarantelli;504.6041428157559
regione sardegna;2016;b;40.97;si;None;152360.0;realizzazione di lavori pubblici (opere ed impiantistica);nuova_reali;regionale;altre strutture ricreative;None;2014-03-31;39.7131338815802;8.87000225354692;via localit?  marrogali;502.2648174220384
regione sardegna;2016;c;25.85;no;si;278856.53;realizzazione di lavori pubblici (opere ed impiantistica);nuova_reali;regionale;altre infrastrutture;None;2012-02-24;39.9093391230891;8.61451307957642;localitï¿½ su pabarile;501.54205516120476
regione sardegna;2016;a;0.0;no;no;0.0;realizzazione di lavori pubblici (opere ed impiantistica);nuova_reali;regionale;edilizia universitaria;None;2006-02-06;39.9093391230891;8.61451307957642;oristano;501.54205516120476
regione piemonte;2016;b;16.29;None;None;281475.94;realizzazione di lavori pubblici (opere ed impiantistica);nuova_reali;regionale;strade regionali, provinciali e comunali;None;2008-10-20;45.2366935048319;7.54761104934689;sp 24 di villanova;501.1353610682921
regione sardegna;2016;b;64.52;si;no;345465.0;realizzazione di lavori pubblici (opere ed impiantistica);nuova_reali;regionale;altre infrastrutture;None;2006-12-14;39.7030151230152;8.92253136671113;None;500.11149461424054
regione piemonte;2016;a;39.56;None;si;1692970.48;realizzazione di lavori pubblici (opere ed impiantistica);nuova_reali;regionale;altre opere di edilizia sanitaria;None;2013-07-24;45.592374972252;8.0202328102198;via biella;489.9114566116634
regione piemonte;2016;b;50.34;no;no;806903.0;realizzazione di lavori pubblici (opere ed impiantistica);nuova_reali;regionale;strade regionali, provinciali e comunali;None;2007-11-19;45.0162918792695;7.59021823828869;sp 174-sp 143;487.1487311244165
regione sardegna;2016;b;80.11;si;None;3825889.0;realizzazione di lavori pubblici (opere ed impiantistica);nuova_reali;regionale;altre opere per la fruizione di beni culturali;si;2006-07-03;39.704684276634;9.1538241362188;None;487.05246375194525
regione piemonte;2016;b;2.19;no;no;30791.0;realizzazione di lavori pubblici (opere ed impiantistica);nuova_reali;regionale;strade regionali, provinciali e comunali;None;2009-04-02;45.1870326119164;7.71950842328735;sp 3, sp 226 in comune di leini;486.652678626085
regione piemonte;2016;a;13.27;si;no;161450.8;realizzazione di lavori pubblici (opere ed impiantistica);nuova_reali;regionale;edilizia scolastica;None;2010-09-20;45.7308319216486;8.25972914362253;viale varallo;483.790701385744
regione calabria;2016;a;80.67;None;None;18003149.31;realizzazione di lavori pubblici (opere ed impiantistica);nuova_reali;regionale;strade regionali, provinciali e comunali;None;2007-10-24;39.4944370666619;16.4284657097438;lt? calamia;483.7443821634719
regione calabria;2016;a;60.38;si;no;1981192.31;realizzazione di lavori pubblici (opere ed impiantistica);nuova_reali;regionale;altre infrastrutture;None;2008-07-31;39.4944370666619;16.4284657097438;piazza beato angelo -acri -cs;483.7443821634719
regione calabria;2016;a;10.26;si;no;300000.0;realizzazione di lavori pubblici (opere ed impiantistica);nuova_reali;regionale;caserme;None;2005-04-19;39.4944370666619;16.4284657097438;via della resistenza;483.7443821634719
regione piemonte;2016;b;0.0;None;None;0.0;realizzazione di lavori pubblici (opere ed impiantistica);nuova_reali;regionale;edilizia universitaria;None;2011-03-01;45.0717497511188;7.67798585079236;via sant'ottavio 12;483.65867396540824
regione piemonte;2016;b;0.0;no;no;0.0;realizzazione di lavori pubblici (opere ed impiantistica);nuova_reali;regionale;strade regionali, provinciali e comunali;None;2008-11-21;45.194517392833;7.78383358792177;strada della benedetta;482.6100532483024
regione sardegna;2016;a;55.42;no;si;371554.39;realizzazione di lavori pubblici (opere ed impiantistica);nuova_reali;regionale;caserme;None;2010-01-29;39.5347702946106;9.55136953575348;via leonardo da vinci;481.0935445927092
regione puglia;2016;c;81.28;si;None;651335.31;realizzazione di lavori pubblici (opere ed impiantistica);nuova_reali;regionale;altre infrastrutture per attrezzature di aree produttive;si;2005-06-30;40.3739210771416;17.4513724683227;via roma, zona industriale;470.94503635256945
regione puglia;2016;a;19.31;None;None;25900.0;realizzazione di lavori pubblici (opere ed impiantistica);nuova_reali;regionale;sistemi di raccolta differenziata dei rifiuti;None;2013-09-26;40.3739210771416;17.4513724683227;traversa sp 125;470.94503635256945
regione piemonte;2016;a;0.0;None;None;0.0;realizzazione di lavori pubblici (opere ed impiantistica);nuova_reali;regionale;impianti sportivi;None;2014-03-26;45.0035809672353;7.82779637686959;san silvestro;469.74114560800115
regione puglia;2016;b;25.43;no;no;321351.0;realizzazione di lavori pubblici (opere ed impiantistica);nuova_reali;regionale;altre strutture ricreative;None;2004-02-06;40.453796411432;17.5073710338366;territorio comunale via extramurale;469.007177200896
regione puglia;2016;c;67.76;si;si;5967849.9;realizzazione di lavori pubblici (opere ed impiantistica);nuova_reali;regionale;trasporti multimodali ed interporti;None;2015-04-09;40.5298333304003;17.5634420079587;via vecchia grottaglie;467.5314972073557
regione puglia;2016;a;14.03;si;si;81758.36;realizzazione di lavori pubblici (opere ed impiantistica);nuova_reali;regionale;altre infrastrutture;None;2013-09-30;40.6054854608075;17.6362452345485;via v emanuele iii;467.4058083433881
regione puglia;2016;a;5.66;si;no;70837.83;realizzazione di lavori pubblici (opere ed impiantistica);nuova_reali;regionale;scuole materne;None;2013-09-30;40.6054854608075;17.6362452345485;via pio la torre;467.4058083433881
regione puglia;2016;a;100.0;no;no;1107469.0;realizzazione di lavori pubblici (opere ed impiantistica);nuova_reali;regionale;idrovie e opere fluviali;None;2008-04-21;40.3715015333554;17.3654857296949;litoranea salentina;465.5480206555519
regione sardegna;2016;b;5.26;si;no;59000.0;realizzazione di lavori pubblici (opere ed impiantistica);nuova_reali;regionale;altre opere di edilizia abitativa;None;2010-11-03;39.9399474015388;9.20305441140965;localita' gidilau;464.504317787411
regione puglia;2016;a;0.0;si;None;0.0;realizzazione di lavori pubblici (opere ed impiantistica);nuova_reali;regionale;strade regionali, provinciali e comunali;None;2013-11-21;40.5636245874673;17.4805591806067;via circonvallazione;459.68872670600234
ministero delle infrastrutture e dei trasporti - dipartimento per i trasporti, la navigazione, gli affari generali e del personale;2016;a;70.01;si;None;1400671.32;realizzazione di lavori pubblici (opere ed impiantistica);nuova_reali;nazionale;altre opere per la pubblica sicurezza;None;2008-01-09;45.8567762688938;8.83588553463908;via ------;458.4017218573131
regione sardegna;2016;b;15.98;no;no;8292248.6;realizzazione di lavori pubblici (opere ed impiantistica);nuova_reali;regionale;cimiteri;None;2014-03-06;40.7446841115079;8.36413613776805;viale porto torres 12;458.3976880209346
regione sardegna;2016;b;73.88;None;None;1201993.17;realizzazione di lavori pubblici (opere ed impiantistica);nuova_reali;regionale;strutture ospedaliere;None;2013-07-12;40.7446841115079;8.36413613776805;viale san pietro 43;458.3976880209346
regione sardegna;2016;b;20.05;no;no;139481.18;realizzazione di lavori pubblici (opere ed impiantistica);nuova_reali;regionale;piste ciclabili;si;2016-11-03;40.7446841115079;8.36413613776805;area vie duca abruzzi verona rockefeller;458.3976880209346
ministero delle infrastrutture e dei trasporti - dipartimento per i trasporti, la navigazione, gli affari generali e del personale;2016;a;64.54;si;None;1101748.75;realizzazione di lavori pubblici (opere ed impiantistica);nuova_reali;nazionale;caserme;None;2011-10-03;45.7316353557142;8.69988129005005;via dei quadri snc;457.157181553145
regione puglia;2016;b;30.79;si;no;827323.8;realizzazione di lavori pubblici (opere ed impiantistica);nuova_reali;regionale;altre infrastrutture per attrezzature di aree produttive;None;2006-12-04;40.5373138949859;17.4138136807204;None;457.03757166283634
regione puglia;2016;b;42.89;None;si;4506377.17;realizzazione di lavori pubblici (opere ed impiantistica);nuova_reali;regionale;cimiteri;None;2014-03-21;40.463393985573;17.3008486322284;via pizzariello, loc talsano;454.7862191211774
regione puglia;2016;a;13.11;no;no;147900.0;realizzazione di lavori pubblici (opere ed impiantistica);nuova_reali;regionale;impianti depurazione acque;si;2007-07-31;40.463393985573;17.3008486322284;taranto;454.7862191211774
ministero delle infrastrutture e dei trasporti - dipartimento per i trasporti, la navigazione, gli affari generali e del personale;2016;a;70.59;si;None;1320004.65;realizzazione di lavori pubblici (opere ed impiantistica);nuova_reali;nazionale;caserme;None;2006-01-16;45.6234411754335;8.78251325588453;via ricci;444.52312027212986
regione puglia;2016;b;34.3;si;no;239939.0;realizzazione di lavori pubblici (opere ed impiantistica);nuova_reali;regionale;altre opere di edilizia sociale;None;2013-09-26;40.6864723505827;17.3036816561872;cda madonna del rosario;439.5329538887077
regione puglia;2016;b;18.3;no;si;121299.29;realizzazione di lavori pubblici (opere ed impiantistica);nuova_reali;regionale;strade regionali, provinciali e comunali;None;2013-09-27;40.6864723505827;17.3036816561872;via cupa;439.5329538887077
regione puglia;2016;b;0.0;no;si;0.0;realizzazione di lavori pubblici (opere ed impiantistica);nuova_reali;regionale;strade regionali, provinciali e comunali;None;2013-09-27;40.6864723505827;17.3036816561872;via cupa;439.5329538887077
regione sardegna;2016;a;47.91;si;si;1528761.0;realizzazione di lavori pubblici (opere ed impiantistica);nuova_reali;regionale;impianti depurazione acque;None;2005-03-15;40.5566137336841;8.84612670858602;None;438.6049519802364
regione sardegna;2016;b;4.59;si;si;21357.42;realizzazione di lavori pubblici (opere ed impiantistica);nuova_reali;regionale;infrastrutture civili per aree industriali;None;2008-10-17;40.5566137336841;8.84612670858602;loc pertusa;438.6049519802364
regione sardegna;2016;a;78.17;no;no;1536579.91;realizzazione di lavori pubblici (opere ed impiantistica);nuova_reali;regionale;impianti sportivi;si;2007-07-30;40.8005462665454;8.62256161615676;territorio comunale;437.01831834954214
regione puglia;2016;a;49.82;no;no;476108.75;realizzazione di lavori pubblici (opere ed impiantistica);nuova_reali;regionale;asili nido;si;2010-12-16;40.7719237721493;17.3387950901596;via principe amedeo;436.2374289558663
regione calabria;2016;a;42.86;si;no;1571263.0;realizzazione di lavori pubblici (opere ed impiantistica);nuova_reali;regionale;fabbricati residenziali urbani;None;2013-09-30;39.8627522997978;16.1101970083492;loc cappuccini;434.5830847412318
regione sardegna;2016;b;72.11;None;si;207100.0;realizzazione di lavori pubblici (opere ed impiantistica);nuova_reali;regionale;altre infrastrutture per attrezzature di aree produttive;None;2008-12-09;40.177481307606;9.38535389251602;localita' "sirilo';434.50715080408395
regione sardegna;2016;a;50.26;no;si;19255830.05;realizzazione di lavori pubblici (opere ed impiantistica);nuova_reali;regionale;dighe;None;2004-07-22;40.177481307606;9.38535389251602;territorio comunale;434.50715080408395
regione lombardia;2016;b;0.0;None;si;1.0;realizzazione di lavori pubblici (opere ed impiantistica);nuova_reali;regionale;impianti sportivi;None;None;45.7393393233991;9.13973238381518;None;432.2567998513341
ministero delle infrastrutture e dei trasporti - dipartimento per i trasporti, la navigazione, gli affari generali e del personale;2016;a;58.85;si;None;1192000.0;realizzazione di lavori pubblici (opere ed impiantistica);nuova_reali;nazionale;caserme;None;2006-09-07;45.6097191000117;8.99220185196821;via iv novembre;431.08067913928136
regione sardegna;2016;b;37.62;None;si;101113.68;realizzazione di lavori pubblici (opere ed impiantistica);nuova_reali;regionale;caserme;None;2013-11-18;40.3394507345179;9.29955269915351;via loc marreri;426.52334847962584
regione sardegna;2016;b;40.29;None;None;355810.77;realizzazione di lavori pubblici (opere ed impiantistica);nuova_reali;regionale;edilizia scolastica;None;2013-11-15;40.3394507345179;9.29955269915351;via loc ugolio;426.52334847962584
regione sardegna;2016;a;14.79;None;si;502244.93;realizzazione di lavori pubblici (opere ed impiantistica);nuova_reali;regionale;impianti sportivi;None;2013-11-18;40.3394507345179;9.29955269915351;via loc sa tanca 'e s'ena;426.52334847962584
regione lombardia;2016;b;58.13;None;si;1297521.34;realizzazione di lavori pubblici (opere ed impiantistica);nuova_reali;regionale;altre opere di edilizia pubblica;None;None;45.85760301615;9.42280470732222;None;426.1149784974816
regione lombardia;2016;b;57.97;None;si;2064430.07;realizzazione di lavori pubblici (opere ed impiantistica);nuova_reali;regionale;altre opere di edilizia pubblica;None;None;45.85760301615;9.42280470732222;-;426.1149784974816
regione sardegna;2016;b;55.56;si;no;2500000.0;realizzazione di lavori pubblici (opere ed impiantistica);nuova_reali;regionale;impianti sportivi;None;2013-11-19;40.6354851154275;8.95264285980872;localit? san nicola-ozieri;426.08636997627866
regione sardegna;2016;b;30.0;si;no;150000.0;realizzazione di lavori pubblici (opere ed impiantistica);nuova_reali;regionale;impianti sportivi;None;2013-11-19;40.6354851154275;8.95264285980872;localit? puppuruiu;426.08636997627866
regione sardegna;2016;b;21.88;si;no;140000.0;realizzazione di lavori pubblici (opere ed impiantistica);nuova_reali;regionale;altre strutture per l'igiene la profilassi e la tutela della salute;None;2005-12-22;40.6354851154275;8.95264285980872;None;426.08636997627866
ministero delle infrastrutture e dei trasporti - dipartimento per i trasporti, la navigazione, gli affari generali e del personale;2016;b;15.25;si;None;397729.39;realizzazione di lavori pubblici (opere ed impiantistica);nuova_reali;nazionale;caserme;None;2013-09-27;45.7915583338455;9.3450872056713;via kennedy n1;424.96966836458427
regione basilicata;2016;a;68.32;si;no;244700.0;realizzazione di lavori pubblici (opere ed impiantistica);nuova_reali;regionale;impianti sportivi;no;2013-09-26;40.4091764864601;16.7622594683842;None;424.8196427372751
regione sardegna;2016;a;15.01;no;no;88253.72;realizzazione di lavori pubblici (opere ed impiantistica);nuova_reali;regionale;altri trasporti urbani;None;2006-09-25;40.8931012543223;8.71912770842671;None;424.44904478698993
regione piemonte;2016;b;38.2;si;no;9333833.48;realizzazione di lavori pubblici (opere ed impiantistica);nuova_reali;regionale;strutture ospedaliere;None;2011-09-19;44.7695561566798;8.3549613597453;strada provinciale asti-canelli;420.97332945442423
regione lombardia;2016;b;25.73;None;si;1288231.67;realizzazione di lavori pubblici (opere ed impiantistica);nuova_reali;regionale;scuole materne;None;None;45.3818045726608;8.89545975485118;colombo;420.8975404451558
regione basilicata;2016;a;5.69;no;si;44141.9;realizzazione di lavori pubblici (opere ed impiantistica);nuova_reali;regionale;altre opere di edilizia pubblica;no;2014-03-13;40.2555281943643;16.4869575265357;None;420.78484456667826
regione basilicata;2016;b;61.98;no;si;688975.95;realizzazione di lavori pubblici (opere ed impiantistica);nuova_reali;regionale;reti fognarie;no;2007-05-04;40.2555281943643;16.4869575265357;None;420.78484456667826
regione lombardia;2016;b;32.19;None;si;281304.46;realizzazione di lavori pubblici (opere ed impiantistica);nuova_reali;regionale;impianti sportivi;None;None;45.5982665924969;9.16474849782325;via kennedy;420.18037061502025
regione basilicata;2016;b;61.73;si;no;1403168.0;realizzazione di lavori pubblici (opere ed impiantistica);nuova_reali;regionale;strade regionali, provinciali e comunali;si;2013-10-02;40.1574711762388;16.3090791448502;None;419.0484414871601
regione sardegna;2016;a;58.95;no;si;283780.48;realizzazione di lavori pubblici (opere ed impiantistica);nuova_reali;regionale;strutture per la fruizione del patrimonio ambientale;None;2008-10-07;40.5916838951263;9.12201927787125;bilotze - monte lerno;418.3207938724532
regione lombardia;2016;b;95.29;None;si;324000.0;realizzazione di lavori pubblici (opere ed impiantistica);nuova_reali;regionale;arredo urbano;None;None;45.6376386750905;9.26235926057606;viale regina margherita;417.5672823625492
regione lombardia;2016;b;94.44;None;si;17000.0;realizzazione di lavori pubblici (opere ed impiantistica);nuova_reali;regionale;arredo urbano;None;None;45.6376386750905;9.26235926057606;via parini;417.5672823625492
regione lombardia;2016;b;27.8;None;si;161497.25;realizzazione di lavori pubblici (opere ed impiantistica);nuova_reali;regionale;altre opere di edilizia pubblica;None;None;45.6667307373613;9.30478882724112;l da vinci;417.41138973399626
regione lombardia;2016;b;41.53;None;si;2130423.0;realizzazione di lavori pubblici (opere ed impiantistica);nuova_reali;regionale;strutture ospedaliere;None;None;45.5573234786513;9.2181714067457;via gorki 50;414.04356752416857
ministero delle infrastrutture e dei trasporti - dipartimento per i trasporti, la navigazione, gli affari generali e del personale;2016;a;60.59;si;None;2761234.7;realizzazione di lavori pubblici (opere ed impiantistica);nuova_reali;nazionale;altre opere di edilizia abitativa;None;2011-05-30;45.4684450808024;9.17291989229152;via tarabella;410.1630041666014
ministero delle infrastrutture e dei trasporti - dipartimento per i trasporti, la navigazione, gli affari generali e del personale;2016;a;37.13;si;None;1552688.61;realizzazione di lavori pubblici (opere ed impiantistica);nuova_reali;nazionale;opere e infrastrutture per sedi di organi istituzionali;None;2012-12-14;45.4684450808024;9.17291989229152;via salis, 4;410.1630041666014
regione lombardia;2016;b;37.08;None;si;3418374.91;realizzazione di lavori pubblici (opere ed impiantistica);nuova_reali;regionale;fabbricati residenziali urbani;None;None;45.4684450808024;9.17291989229152;via piazza ferrara;410.1630041666014
regione lombardia;2016;b;23.85;None;si;484083.91;realizzazione di lavori pubblici (opere ed impiantistica);nuova_reali;regionale;fabbricati residenziali urbani;None;None;45.4684450808024;9.17291989229152;None;410.1630041666014
regione lombardia;2016;b;14.82;None;si;1930735.02;realizzazione di lavori pubblici (opere ed impiantistica);nuova_reali;regionale;fabbricati residenziali urbani;None;None;45.4684450808024;9.17291989229152;via zama - qre salomone;410.1630041666014
regione basilicata;2016;a;33.33;si;no;175000.0;realizzazione di lavori pubblici (opere ed impiantistica);nuova_reali;regionale;altre opere di edilizia pubblica;no;2013-10-07;40.1336610462906;16.0730667743357;None;408.52633033797935
regione basilicata;2016;a;21.26;si;no;270000.0;realizzazione di lavori pubblici (opere ed impiantistica);nuova_reali;regionale;edilizia scolastica;no;2013-10-07;40.1336610462906;16.0730667743357;None;408.52633033797935
regione basilicata;2016;a;8.99;si;no;141000.0;realizzazione di lavori pubblici (opere ed impiantistica);nuova_reali;regionale;cimiteri;no;2013-10-03;40.3697325484263;16.4312866691287;None;408.25523145387035
regione lombardia;2016;b;40.69;None;si;856459.9;realizzazione di lavori pubblici (opere ed impiantistica);nuova_reali;regionale;fabbricati residenziali urbani;None;None;45.5150819706014;9.28778346551148;via cadorna;406.87153798947116
regione sardegna;2016;b;33.33;no;no;541250.0;realizzazione di lavori pubblici (opere ed impiantistica);nuova_reali;regionale;fabbricati residenziali urbani;None;2011-02-25;40.5333849729464;9.45133805275154;via martiri;402.23009497978427
regione lombardia;2016;b;36.74;None;si;525744.84;realizzazione di lavori pubblici (opere ed impiantistica);nuova_reali;regionale;fabbricati residenziali urbani;None;None;45.6090646015634;9.50526789973493;via fratelli cervi;401.7955889256741
ministero delle infrastrutture e dei trasporti - dipartimento per i trasporti, la navigazione, gli affari generali e del personale;2016;a;74.31;si;None;1446108.7;realizzazione di lavori pubblici (opere ed impiantistica);nuova_reali;nazionale;caserme;None;2006-03-02;45.6079562353648;9.54803574755895;via monte grappa;399.36225617257867
ministero delle infrastrutture e dei trasporti - dipartimento per i trasporti, la navigazione, gli affari generali e del personale;2016;b;31.95;si;None;630000.0;realizzazione di lavori pubblici (opere ed impiantistica);nuova_reali;nazionale;caserme;None;2006-01-02;45.5418588064562;9.47974110995759;via boccaccio;397.9759455266806
regione liguria;2016;a;40.41;None;None;3299548.0;realizzazione di lavori pubblici (opere ed impiantistica);nuova_reali;regionale;altre opere di edilizia pubblica;None;2013-10-09;44.2100979406495;8.39839643142694;via iv novembre;394.1176563095689
regione basilicata;2016;b;93.74;si;si;71093.32;realizzazione di lavori pubblici (opere ed impiantistica);nuova_reali;regionale;altre opere di edilizia pubblica;no;2011-07-30;40.2428793813199;15.961079176086;None;393.0998900176922
regione lombardia;2016;b;13.72;None;si;1188701.14;realizzazione di lavori pubblici (opere ed impiantistica);nuova_reali;regionale;edifici e infrastrutture per uffici;None;None;45.1977052566241;9.16461798987388;golgi 19 - 27100 pavia;391.73747367062913
regione basilicata;2016;a;21.92;si;no;268062.0;realizzazione di lavori pubblici (opere ed impiantistica);nuova_reali;regionale;edilizia scolastica;no;2014-03-27;40.3835135993429;16.1563271516872;None;391.51456208324316
regione lombardia;2016;b;0.88;None;si;1000.0;realizzazione di lavori pubblici (opere ed impiantistica);nuova_reali;regionale;strade regionali, provinciali e comunali;None;None;45.8408238614312;10.0891846531502;via nazionale;391.37635080372917
regione lombardia;2016;b;0.0;None;si;0.1;realizzazione di lavori pubblici (opere ed impiantistica);nuova_reali;regionale;altre infrastrutture;None;None;45.2062439705284;9.24864936700828;via poma;387.10208256526334
regione puglia;2016;b;58.51;si;no;3280713.0;realizzazione di lavori pubblici (opere ed impiantistica);nuova_reali;regionale;altre strutture per il commercio ed i servizi;None;2010-12-16;41.1030489912552;16.8457301176062;via lungomare starita;381.1415489846747
regione puglia;2016;a;34.82;no;no;156200.0;realizzazione di lavori pubblici (opere ed impiantistica);nuova_reali;regionale;strade regionali, provinciali e comunali;None;2011-11-07;41.1030489912552;16.8457301176062;via gentile,via de liquori,via caldarola;381.1415489846747
regione puglia;2016;b;0.0;None;si;0.0;realizzazione di lavori pubblici (opere ed impiantistica);nuova_reali;regionale;altre opere di edilizia sociale;None;2009-10-26;41.1030489912552;16.8457301176062;quartiere san girolamo;381.1415489846747
regione puglia;2016;a;0.0;None;si;0.0;realizzazione di lavori pubblici (opere ed impiantistica);nuova_reali;regionale;altre infrastrutture;None;2012-12-20;41.1030489912552;16.8457301176062;lama balice;381.1415489846747
regione puglia;2016;a;0.0;None;si;0.0;realizzazione di lavori pubblici (opere ed impiantistica);nuova_reali;regionale;altre infrastrutture;None;2012-12-20;41.1030489912552;16.8457301176062;lama balice;381.1415489846747
ministero delle infrastrutture e dei trasporti - dipartimento per i trasporti, la navigazione, gli affari generali e del personale;2016;b;62.1;si;None;1175800.0;realizzazione di lavori pubblici (opere ed impiantistica);nuova_reali;nazionale;altre opere per la pubblica sicurezza;None;2005-11-14;45.562552754421;9.85713670122479;None;379.13219090587364
regione puglia;2016;c;56.2;None;si;25455000.0;realizzazione di lavori pubblici (opere ed impiantistica);nuova_reali;regionale;dighe;None;2015-06-10;40.8597592922151;16.5502377418399;via localit? tempa bianca;377.9489212671447
regione puglia;2016;a;23.4;si;si;1100000.0;realizzazione di lavori pubblici (opere ed impiantistica);nuova_reali;regionale;infrastrutture civili per aree industriali;None;2015-03-31;40.8597592922151;16.5502377418399;via zona industriale di via gravina;377.9489212671447
regione basilicata;2016;b;57.67;si;no;1362375.0;realizzazione di lavori pubblici (opere ed impiantistica);nuova_reali;regionale;edilizia scolastica;no;2014-03-31;40.4533520699721;15.9787854772104;None;375.84168989722724
regione sardegna;2016;a;35.36;None;None;23801.0;realizzazione di lavori pubblici (opere ed impiantistica);nuova_reali;regionale;edilizia scolastica;None;2013-04-24;40.7041172380766;9.6875948717512;via vespucci;374.6984138758122
provincia aut di trento;2016;b;20.45;no;no;381372.53;realizzazione di lavori pubblici (opere ed impiantistica);nuova_reali;regionale;altre opere di edilizia sanitaria;None;2013-12-09;46.0614988453362;11.1107253699434;via giusti;371.8788005982259
regione lombardia;2016;b;61.25;None;si;588000.0;realizzazione di lavori pubblici (opere ed impiantistica);nuova_reali;regionale;asili nido;None;None;45.3860448232396;9.74978585312818;verdi;370.80138788452007
ministero delle infrastrutture e dei trasporti - dipartimento per i trasporti, la navigazione, gli affari generali e del personale;2016;b;29.05;si;None;565920.48;realizzazione di lavori pubblici (opere ed impiantistica);nuova_reali;nazionale;caserme;None;2005-11-14;45.6650309215102;10.2025682191194;via repubblica;370.5174983622564
regione puglia;2016;b;56.36;None;si;22911238.0;realizzazione di lavori pubblici (opere ed impiantistica);nuova_reali;regionale;difesa del suolo e regimazione acque;None;2013-11-19;40.8407360894649;16.3639049840964;bacino capodacqua;367.5167082256629
regione lombardia;2016;b;53.66;None;si;1974717.69;realizzazione di lavori pubblici (opere ed impiantistica);nuova_reali;regionale;strade regionali, provinciali e comunali;None;None;45.4216913639639;9.96418723208007;territorio provinciale;361.9620267893436
ministero delle infrastrutture e dei trasporti - dipartimento per i trasporti, la navigazione, gli affari generali e del personale;2016;b;41.67;si;None;749000.0;realizzazione di lavori pubblici (opere ed impiantistica);nuova_reali;nazionale;altre opere per la pubblica sicurezza;None;2008-01-17;45.4807328222785;10.172187100073;via ----;356.09180901315136
regione sardegna;2016;b;100.0;None;si;144395.9;realizzazione di lavori pubblici (opere ed impiantistica);nuova_reali;regionale;altri impianti produzione energie rinnovabili e alternative;None;2011-10-10;41.2271895303378;9.42108803705841;vie varie;354.9254663746826
ministero delle infrastrutture e dei trasporti - dipartimento per i trasporti, la navigazione, gli affari generali e del personale;2016;b;46.81;si;None;973000.0;realizzazione di lavori pubblici (opere ed impiantistica);nuova_reali;nazionale;caserme;None;2009-09-30;45.1093546724235;9.66679536303231;via cavour 14;354.8586629031522
regione del veneto;2016;a;21.63;si;si;8500.0;realizzazione di lavori pubblici (opere ed impiantistica);nuova_reali;regionale;altre opere stradali;None;2014-09-22;46.0581356727931;11.7235136179837;via slongo;354.77124877298394
regione basilicata;2016;b;10.19;si;no;45611.0;realizzazione di lavori pubblici (opere ed impiantistica);nuova_reali;regionale;altre opere di edilizia pubblica;no;2014-03-26;40.6717750454251;15.9218544663713;None;354.3800766032404
provincia aut di trento;2016;a;74.23;no;no;10889545.2;realizzazione di lavori pubblici (opere ed impiantistica);nuova_reali;regionale;altre opere di edilizia pubblica;None;2010-11-03;45.8652103660221;11.0457740300389;via lungo leno sinistro;354.34524115786394
regione basilicata;2016;b;31.67;no;si;348492.0;realizzazione di lavori pubblici (opere ed impiantistica);nuova_reali;regionale;strade regionali, provinciali e comunali;no;2014-03-25;40.8477219019618;16.1188136704713;None;351.8800134857448
regione basilicata;2016;b;45.24;no;si;1453780.0;realizzazione di lavori pubblici (opere ed impiantistica);nuova_reali;regionale;strade regionali, provinciali e comunali;si;2013-09-26;40.8022946688879;15.947983356462;None;345.2748151288213
regione basilicata;2016;a;30.65;si;no;344812.0;realizzazione di lavori pubblici (opere ed impiantistica);nuova_reali;regionale;altre opere di edilizia pubblica;no;2011-12-14;40.5886764000283;15.5850294062052;None;343.2056651803894
regione lombardia;2016;b;32.83;None;si;406865.23;realizzazione di lavori pubblici (opere ed impiantistica);nuova_reali;regionale;strade regionali, provinciali e comunali;None;None;45.4111811091192;10.3818946504619;sp bs 668 lenese;339.7139564700996
regione basilicata;2016;a;50.19;no;si;1014708.5;realizzazione di lavori pubblici (opere ed impiantistica);nuova_reali;regionale;altre opere ed impianti per attivita' industriali;no;2011-09-22;40.6945131531681;15.5985638620497;None;334.70120246570656
regione friuli-venezia giulia;2016;a;82.57;si;no;132354.92;realizzazione di lavori pubblici (opere ed impiantistica);nuova_reali;regionale;altre infrastrutture;None;2014-03-26;45.9645012778191;13.408009827267;via mariana;331.2215650427212
regione friuli-venezia giulia;2016;b;74.16;no;si;2799963.59;realizzazione di lavori pubblici (opere ed impiantistica);nuova_reali;regionale;altri servizi per la collettivita';None;2004-11-03;45.9440575990593;13.598648864734;None;330.78968516508843
regione del veneto;2016;b;95.29;no;no;1208656.16;realizzazione di lavori pubblici (opere ed impiantistica);nuova_reali;regionale;impianti sportivi;None;2012-10-15;45.7261596351611;11.3493311044381;via giavenale di sopra;330.29802442892617
regione del veneto;2016;a;15.65;None;None;2249611.81;realizzazione di lavori pubblici (opere ed impiantistica);nuova_reali;regionale;impianti sportivi;None;2007-01-09;45.7441386963419;11.7811841424421;via portile;320.13242525456445
regione del veneto;2016;b;1.11;si;no;15000.0;realizzazione di lavori pubblici (opere ed impiantistica);nuova_reali;regionale;edilizia scolastica;None;2009-03-23;45.6546009140367;11.768758295133;via vecchia di bassano;310.99076860551605
regione del veneto;2016;a;52.56;None;None;1338692.11;realizzazione di lavori pubblici (opere ed impiantistica);nuova_reali;regionale;sistemi di parcheggio;None;2015-05-12;45.6670423777572;11.934746891347;area compresa tra via cimarosa, l'area della stazione ferroviaria e viale cesare battisti;308.41877951006614
regione del veneto;2016;b;0.0;no;si;0.0;realizzazione di lavori pubblici (opere ed impiantistica);nuova_reali;regionale;linee ferroviarie;None;2013-10-15;45.6670423777572;11.934746891347;via de amicis;308.41877951006614
regione del veneto;2016;a;40.83;no;si;672051.0;realizzazione di lavori pubblici (opere ed impiantistica);nuova_reali;regionale;impianti sportivi;None;2013-09-30;45.7181357042926;12.3587532684066;via termine;306.50909681523996
regione del veneto;2016;a;0.0;si;no;0.0;realizzazione di lavori pubblici (opere ed impiantistica);nuova_reali;regionale;altre opere stradali;None;2013-09-30;45.7181357042926;12.3587532684066;via trento e trieste;306.50909681523996
regione del veneto;2016;a;0.0;si;no;0.0;realizzazione di lavori pubblici (opere ed impiantistica);nuova_reali;regionale;piste ciclabili;None;2013-09-30;45.7181357042926;12.3587532684066;via a dal vesco;306.50909681523996
regione del veneto;2016;b;6.07;si;no;624448.06;realizzazione di lavori pubblici (opere ed impiantistica);nuova_reali;regionale;edilizia scolastica;None;2009-01-27;45.6983362126212;12.3015814974541;via quattro novembre;305.1338132392868
regione del veneto;2016;b;0.0;no;si;0.0;realizzazione di lavori pubblici (opere ed impiantistica);nuova_reali;regionale;linee ferroviarie;None;2013-10-15;45.6353369782972;11.9679725799092;via brigola;304.313633354112
regione del veneto;2016;b;0.0;no;si;0.0;realizzazione di lavori pubblici (opere ed impiantistica);nuova_reali;regionale;linee ferroviarie;None;2013-10-15;45.6190828809678;12.0213351724559;via albere;301.45297537858954
regione del veneto;2016;b;0.0;no;si;0.0;realizzazione di lavori pubblici (opere ed impiantistica);nuova_reali;regionale;linee ferroviarie;None;2013-10-14;45.5987241504839;11.941037008972;via sanguettara;300.9952871886449
regione liguria;2016;b;40.0;None;si;0.0;realizzazione di lavori pubblici (opere ed impiantistica);nuova_reali;regionale;sistemi di parcheggio;None;2010-11-30;44.1591167175179;9.6607961821889;loreto;298.232201834408
regione emilia-romagna;2016;a;59.97;no;no;1164208.44;realizzazione di lavori pubblici (opere ed impiantistica);nuova_reali;regionale;consolidamento abitati;None;2007-11-28;44.6685701218841;10.1118611942301;localit? carona;296.76477549097416
regione del veneto;2016;b;0.0;no;si;0.0;realizzazione di lavori pubblici (opere ed impiantistica);nuova_reali;regionale;linee ferroviarie;None;2013-10-14;45.5364216168861;11.8920498440852;via roma;295.50420963569036
regione del veneto;2016;b;0.0;no;si;0.0;realizzazione di lavori pubblici (opere ed impiantistica);nuova_reali;regionale;linee ferroviarie;None;2013-10-15;45.5535675432436;12.0677567058488;via cason;293.4772196536596
regione del veneto;2016;b;0.0;no;si;0.0;realizzazione di lavori pubblici (opere ed impiantistica);nuova_reali;regionale;linee ferroviarie;None;2013-10-15;45.5535675432436;12.0677567058488;via degli ongari;293.4772196536596
regione campania;2016;b;91.51;no;si;3761096.83;realizzazione di lavori pubblici (opere ed impiantistica);nuova_reali;regionale;opere e infrastrutture per sedi della pubblica amministrazione;None;2011-01-26;40.8293773426193;15.009896651657;piazza degli irpini;293.08966692756997
regione lombardia;2016;b;50.0;None;si;252500.0;realizzazione di lavori pubblici (opere ed impiantistica);nuova_reali;regionale;fabbricati residenziali urbani;None;None;45.0041404831629;10.7437688769933;via soldati mario;286.73050911621874
regione lombardia;2016;b;30.0;None;si;85800.0;realizzazione di lavori pubblici (opere ed impiantistica);nuova_reali;regionale;altre opere stradali;None;None;45.0041404831629;10.7437688769933;strada carobio;286.73050911621874
regione campania;2016;a;53.32;no;si;2056000.0;realizzazione di lavori pubblici (opere ed impiantistica);nuova_reali;regionale;altre opere di edilizia pubblica;None;2011-02-14;40.8267744068158;14.8459162929462;via xii apostoli;285.8590888886801
regione campania;2016;b;51.74;si;no;713485.0;realizzazione di lavori pubblici (opere ed impiantistica);nuova_reali;regionale;altri impianti produzione energie rinnovabili e alternative;None;2013-10-15;40.8267744068158;14.8459162929462;via casapapa e fratta;285.8590888886801
regione puglia;2016;b;17.94;no;si;300264.45;realizzazione di lavori pubblici (opere ed impiantistica);nuova_reali;nazionale;edilizia scolastica;None;2016-03-23;41.1455131610255;15.3840184548954;zona vallone;285.0066356224693
regione del veneto;2016;c;96.76;no;si;381390.5;realizzazione di lavori pubblici (opere ed impiantistica);nuova_reali;regionale;impianti sportivi;None;2013-09-30;45.4547445708578;12.02999384146;piazza san martino 1;283.6805489125334
regione campania;2016;b;8.77;None;None;251004.29;realizzazione di lavori pubblici (opere ed impiantistica);nuova_reali;regionale;teatri ed altre strutture per lo spettacolo;si;2005-03-09;40.781224023124;14.6849896776901;None;283.3969748291464
regione del veneto;2016;b;0.0;no;si;0.0;realizzazione di lavori pubblici (opere ed impiantistica);nuova_reali;regionale;linee ferroviarie;None;2013-10-14;45.4033796242734;11.8831788784145;via ticino;281.67420161850316
regione campania;2016;b;20.23;no;si;440000.0;realizzazione di lavori pubblici (opere ed impiantistica);nuova_reali;regionale;edilizia scolastica;None;2016-03-31;40.7508607720272;14.4585613666135;via gioacchino murat;277.71071974428185
regione liguria;2016;b;20.07;None;None;0.0;realizzazione di lavori pubblici (opere ed impiantistica);nuova_reali;regionale;strade regionali, provinciali e comunali;None;2005-05-20;44.1091640140731;9.9148080538347;None;277.5047192403035
regione campania;2016;a;28.45;no;no;104554.99;realizzazione di lavori pubblici (opere ed impiantistica);nuova_reali;regionale;impianti sportivi;None;2011-11-03;40.8181381693594;14.6232462553511;via masseria della corte;277.3017271675458
regione campania;2016;a;76.44;no;no;3343293.0;realizzazione di lavori pubblici (opere ed impiantistica);nuova_reali;regionale;teatri ed altre strutture per lo spettacolo;None;2005-11-22;40.8181381693594;14.6232462553511;None;277.3017271675458
regione toscana;2016;a;0.0;None;si;0.0;realizzazione di lavori pubblici (opere ed impiantistica);nuova_reali;nazionale;sistemazione corsi d'acqua;None;2012-12-07;44.2022601022815;9.9909163904101;loc quartiere gobetti;276.7063548711802
regione toscana;2016;a;0.0;si;None;0.0;realizzazione di lavori pubblici (opere ed impiantistica);nuova_reali;nazionale;altre strutture ricreative;None;2013-12-10;44.2022601022815;9.9909163904101;varie vie ed infrastrutture;276.7063548711802
regione lombardia;2016;b;0.0;None;si;0.01;realizzazione di lavori pubblici (opere ed impiantistica);nuova_reali;regionale;edilizia penitenziaria;None;None;45.0404679795604;11.1355189259126;abetone brennero;271.46799188024846
regione del veneto;2016;c;100.0;si;no;5400000.0;realizzazione di lavori pubblici (opere ed impiantistica);nuova_reali;regionale;strade regionali, provinciali e comunali;None;2005-11-04;45.3362467744903;12.0579517978445;None;270.42121885665443
regione toscana;2016;a;67.37;None;si;1010246.3;realizzazione di lavori pubblici (opere ed impiantistica);nuova_reali;regionale;altre opere di edilizia pubblica;None;2009-10-22;44.0820966396988;10.0938520584295;loc fossone;263.31851594583435
ministero delle infrastrutture e dei trasporti - dipartimento per i trasporti, la navigazione, gli affari generali e del personale;2016;b;28.0;None;None;342232.03;realizzazione di lavori pubblici (opere ed impiantistica);nuova_reali;nazionale;caserme;None;2013-11-13;40.741037007323;13.9095202438304;via casamicciola terme;262.2270970689438
ministero delle infrastrutture e dei trasporti - dipartimento per i trasporti, la navigazione, gli affari generali e del personale;2016;b;0.0;None;None;0.0;realizzazione di lavori pubblici (opere ed impiantistica);nuova_reali;nazionale;caserme;None;2011-11-10;40.8566650981899;14.2392802515907;via emanuele gianturco;259.435109893089
regione puglia;2016;b;76.14;no;si;789783.37;realizzazione di lavori pubblici (opere ed impiantistica);nuova_reali;regionale;altre opere per l'utilizzo delle risorse idriche;None;2016-03-31;41.4974897986353;15.3518488571675;localita' macello e valle cruste;255.68858721290158
regione puglia;2016;b;80.15;si;no;403728.67;realizzazione di lavori pubblici (opere ed impiantistica);nuova_reali;regionale;reti idriche rurali;None;2005-07-07;41.4219412365756;15.2192299598916;None;253.3530426440425
regione del veneto;2016;a;32.26;no;si;868497.69;realizzazione di lavori pubblici (opere ed impiantistica);nuova_reali;regionale;fabbricati residenziali urbani;None;2008-12-03;45.0696348313248;11.7949835101971;via bramante;249.47228341620098
regione puglia;2016;a;71.09;si;si;2213618.91;realizzazione di lavori pubblici (opere ed impiantistica);nuova_reali;regionale;edilizia universitaria;None;2010-10-12;41.6561775391186;15.423835699376;largo sanit?;249.04169934850478
regione puglia;2016;a;32.84;None;None;159911.66;realizzazione di lavori pubblici (opere ed impiantistica);nuova_reali;regionale;altre opere di edilizia abitativa;None;2006-03-30;41.8431260510192;15.5750951923921;None;247.42357759687724
regione toscana;2016;a;0.0;None;si;0.0;realizzazione di lavori pubblici (opere ed impiantistica);nuova_reali;regionale;altri presidi sanitari territoriali;None;2016-02-29;44.105487686758;10.3876497685073;via dell&apos,ospedale;243.76526304124513
regione toscana;2016;b;90.84;None;si;135718.75;realizzazione di lavori pubblici (opere ed impiantistica);nuova_reali;regionale;altre opere stradali;None;2006-11-15;43.9282814517141;10.3209588724168;None;239.5729633165504
regione puglia;2016;b;14.49;si;no;171456.62;realizzazione di lavori pubblici (opere ed impiantistica);nuova_reali;regionale;musei archivi e biblioteche;None;2014-03-27;41.6280101470731;15.1304287941235;via barile;232.27866890408563
regione campania;2016;a;93.05;no;no;10735510.31;realizzazione di lavori pubblici (opere ed impiantistica);nuova_reali;regionale;strade regionali, provinciali e comunali;None;2016-03-25;41.2978776136581;14.5820081501635;diverse localit?;229.84124899945684
regione emilia-romagna;2016;a;29.1;no;no;13573546.86;realizzazione di lavori pubblici (opere ed impiantistica);nuova_reali;regionale;linee ferroviarie;None;2008-11-28;44.8228610600666;11.6492201218158;comune di ferrara;229.75842808704292
regione toscana;2016;b;82.01;None;None;3192000.0;realizzazione di lavori pubblici (opere ed impiantistica);nuova_reali;regionale;fabbricati residenziali urbani;None;2013-10-10;43.6722792778184;10.3541811693563;via borgo;226.65353511712692
regione toscana;2016;b;41.15;no;si;1298267.3;realizzazione di lavori pubblici (opere ed impiantistica);nuova_reali;nazionale;fabbricati residenziali urbani;None;2010-02-02;43.6722792778184;10.3541811693563;via vecellio;226.65353511712692
regione toscana;2016;a;23.51;None;None;974161.0;realizzazione di lavori pubblici (opere ed impiantistica);nuova_reali;regionale;altre strutture per il commercio ed i servizi;None;2016-04-01;43.8646645920062;10.4735447859062;via consani lucca;225.51462204817156
ministero delle infrastrutture e dei trasporti - dipartimento per i trasporti, la navigazione, gli affari generali e del personale;2016;b;14.89;no;si;193000.0;realizzazione di lavori pubblici (opere ed impiantistica);nuova_reali;nazionale;edifici ed infrastrutture per la protezione civile;None;2008-11-20;41.4628592789144;14.630470233271;via roma;217.32642713328732
ministero delle infrastrutture e dei trasporti - dipartimento per i trasporti, la navigazione, gli affari generali e del personale;2016;b;0.0;si;no;0.0;realizzazione di lavori pubblici (opere ed impiantistica);nuova_reali;regionale;dighe;None;2017-04-27;41.4192722886704;14.5425097886546;via localit? arcichiaro;216.8654177049412
regione molise;2016;b;47.3;no;si;649144.0;realizzazione di lavori pubblici (opere ed impiantistica);nuova_reali;regionale;strade regionali, provinciali e comunali;None;2005-10-05;41.710108232125;14.9172363649784;None;213.04152905562967
ministero delle infrastrutture e dei trasporti - dipartimento per i trasporti, la navigazione, gli affari generali e del personale;2016;a;97.0;si;no;10718500.0;realizzazione di lavori pubblici (opere ed impiantistica);nuova_reali;nazionale;altre opere per la pubblica sicurezza;None;2011-08-08;43.9768509993626;10.9156594754764;via niccolo' machiavelli 11;200.1729134025221
regione molise;2016;a;66.68;no;no;3078856.74;realizzazione di lavori pubblici (opere ed impiantistica);nuova_reali;regionale;altre opere di smaltimento reflui e rifiuti;None;2004-12-15;41.9816651255329;14.9625575347574;None;196.75515586632426
regione toscana;2016;a;92.96;no;no;997926.76;realizzazione di lavori pubblici (opere ed impiantistica);nuova_reali;regionale;strade regionali, provinciali e comunali;None;2006-03-13;43.8268077250911;10.8589504607907;None;195.84973837868395
regione toscana;2016;a;0.38;no;no;672.02;realizzazione di lavori pubblici (opere ed impiantistica);nuova_reali;regionale;strade regionali, provinciali e comunali;None;2009-03-16;43.8268077250911;10.8589504607907;via roma, via matteotti;195.84973837868395
regione toscana;2016;b;0.0;no;no;0.0;realizzazione di lavori pubblici (opere ed impiantistica);nuova_reali;regionale;asili nido;None;2012-05-04;44.067348465638;11.1516861015435;via di s ippolito;190.48083835633523
regione toscana;2016;b;32.41;no;no;35000.0;realizzazione di lavori pubblici (opere ed impiantistica);nuova_reali;regionale;sistemi di parcheggio;None;2008-07-26;44.067348465638;11.1516861015435;via della chiesina;190.48083835633523
regione toscana;2016;b;0.0;no;no;0.0;realizzazione di lavori pubblici (opere ed impiantistica);nuova_reali;regionale;sistemi di parcheggio;None;2011-03-30;44.067348465638;11.1516861015435;via della badia a montepiano;190.48083835633523
regione lazio - osservatorio regionale contratti pubblici;2016;b;32.32;si;no;369898.0;realizzazione di lavori pubblici (opere ed impiantistica);nuova_reali;regionale;edilizia scolastica;None;2008-08-22;41.4022127730022;13.7663173509541;via milani;188.54383408492555
regione molise;2016;b;39.69;si;no;15067474.38;realizzazione di lavori pubblici (opere ed impiantistica);nuova_reali;nazionale;difesa del suolo e regimazione acque;None;2008-11-17;41.5742841698705;14.1708991666196;via localita' fossatella;185.4936426213231
regione molise;2016;b;2.01;si;no;16721.63;realizzazione di lavori pubblici (opere ed impiantistica);nuova_reali;regionale;fabbricati residenziali urbani;None;2014-03-28;41.5515136026753;14.1105834259166;frazione roccaravindola;185.17316970327636
regione toscana;2016;a;72.99;no;no;575546.3;realizzazione di lavori pubblici (opere ed impiantistica);nuova_reali;regionale;altre opere di edilizia sociale;None;2008-07-23;43.7997357313321;11.0188119166171;via della chiesa;183.09961441725457
regione lazio - osservatorio regionale contratti pubblici;2016;c;24.03;si;no;647056.0;realizzazione di lavori pubblici (opere ed impiantistica);nuova_reali;regionale;teatri ed altre strutture per lo spettacolo;None;2005-06-14;41.4481731257746;13.64499399906;None;180.54200167465692
regione lazio - osservatorio regionale contratti pubblici;2016;b;4.51;si;si;170884.77;realizzazione di lavori pubblici (opere ed impiantistica);nuova_reali;regionale;strade regionali, provinciali e comunali;si;2014-03-31;41.4481731257746;13.64499399906;canalello;180.54200167465692
regione emilia-romagna;2016;c;100.0;si;no;384998.02;realizzazione di lavori pubblici (opere ed impiantistica);nuova_reali;regionale;altre infrastrutture per attrezzature di aree produttive;None;2006-12-14;44.2765994718364;11.7021452270068;None;176.22845276020817
regione molise;2016;c;83.25;si;None;497299.22;realizzazione di lavori pubblici (opere ed impiantistica);nuova_reali;regionale;altre opere e strutture per l'agricoltura;None;2009-01-08;41.6879076528688;14.1843176104717;via ss 17 var;175.3811692505647
regione toscana;2016;a;9.19;no;si;226789.14;realizzazione di lavori pubblici (opere ed impiantistica);nuova_reali;regionale;residenze sanitarie assistenziali;None;2006-09-14;42.8223203524183;10.9001790469046;None;172.14291533487716
regione lazio - osservatorio regionale contratti pubblici;2016;b;69.34;None;si;2006595.0;realizzazione di lavori pubblici (opere ed impiantistica);nuova_reali;regionale;impianti sportivi;None;2014-04-14;41.4773844632688;12.6923720747884;via ugo la malfa;171.19031001734945
regione lazio - osservatorio regionale contratti pubblici;2016;b;14.38;None;si;803408.66;realizzazione di lavori pubblici (opere ed impiantistica);nuova_reali;regionale;infrastrutture civili per complessi residenziali;None;2014-04-14;41.4773844632688;12.6923720747884;via tagliamento;171.19031001734945
ministero delle infrastrutture e dei trasporti - dipartimento per i trasporti, la navigazione, gli affari generali e del personale;2016;b;50.12;si;no;8037163.42;realizzazione di lavori pubblici (opere ed impiantistica);nuova_reali;nazionale;preture e tribunali;None;2011-03-02;41.4664088867388;12.8778584036282;via le courbusier;170.82373160325741
regione emilia-romagna;2016;c;100.0;si;no;1679431.41;realizzazione di lavori pubblici (opere ed impiantistica);nuova_reali;regionale;infrastrutture civili per aree industriali;None;2011-02-21;44.4127920936089;12.1931325799298;via romea nord;169.95465937819125
regione emilia-romagna;2016;c;100.0;si;no;692245.34;realizzazione di lavori pubblici (opere ed impiantistica);nuova_reali;regionale;altre infrastrutture per attrezzature di aree produttive;None;2006-12-11;44.4127920936089;12.1931325799298;None;169.95465937819125
regione emilia-romagna;2016;a;12.19;si;no;72967.84;realizzazione di lavori pubblici (opere ed impiantistica);nuova_reali;regionale;infrastrutture civili per aree industriali;None;2011-02-21;44.4127920936089;12.1931325799298;via romea nord;169.95465937819125
regione abruzzo;2016;a;5.5;si;si;314152.39;realizzazione di lavori pubblici (opere ed impiantistica);nuova_reali;regionale;residenze sanitarie assistenziali;None;2013-10-08;42.1209766116031;14.6945844288665;via cda s onofrio;169.74804451182382
ministero delle infrastrutture e dei trasporti - dipartimento per i trasporti, la navigazione, gli affari generali e del personale;2016;a;81.0;si;None;139708800.0;realizzazione di lavori pubblici (opere ed impiantistica);nuova_reali;nazionale;caserme;None;2010-09-09;43.7799679046615;11.244942607805;viale xi agosto;166.22878127186075
regione lazio - osservatorio regionale contratti pubblici;2016;c;80.57;si;si;2497888.18;realizzazione di lavori pubblici (opere ed impiantistica);nuova_reali;regionale;sistemazione corsi d'acqua;None;2011-01-14;41.5664391554998;13.3313988803861;localita' santa maria a fiume;161.71879363407
regione abruzzo;2016;b;0.3;si;no;5791.0;realizzazione di lavori pubblici (opere ed impiantistica);nuova_reali;regionale;edilizia sociale, culturale e assistenziale;None;2013-10-18;41.9678330850494;14.3308828092263;via piazza della repubblica;158.37234911561194
regione lazio - osservatorio regionale contratti pubblici;2016;a;52.2;si;si;81883.34;realizzazione di lavori pubblici (opere ed impiantistica);nuova_reali;regionale;edilizia sociale, culturale e assistenziale;None;2013-10-22;41.6345542647443;13.3313699540745;via armando fabi;154.25541841105687
regione lazio - osservatorio regionale contratti pubblici;2016;b;100.0;si;si;496945.23;realizzazione di lavori pubblici (opere ed impiantistica);nuova_reali;regionale;teatri ed altre strutture per lo spettacolo;None;2009-11-13;41.6765955670789;12.7066886391481;via mazzini, 12;149.11727291733612
regione abruzzo;2016;a;3.29;si;no;25919.94;realizzazione di lavori pubblici (opere ed impiantistica);nuova_reali;regionale;impianti depurazione acque;None;2013-09-30;42.157344402222;14.3567415326208;via santa lucia;145.32351693372692
regione abruzzo;2016;b;99.99;no;no;604774.3;realizzazione di lavori pubblici (opere ed impiantistica);nuova_reali;regionale;edilizia scolastica;None;2005-07-21;42.127981951234;14.2921776947621;via del campo sportivo;143.52774975406308
regione lazio - osservatorio regionale contratti pubblici;2016;a;64.11;si;si;1786331.55;realizzazione di lavori pubblici (opere ed impiantistica);nuova_reali;regionale;impianti sportivi;None;2003-09-11;41.7280494813438;12.8933506759124;None;141.7055690545004
ministero delle infrastrutture e dei trasporti - dipartimento per i trasporti, la navigazione, gli affari generali e del personale;2016;a;81.0;si;None;2227824.0;realizzazione di lavori pubblici (opere ed impiantistica);nuova_reali;nazionale;edifici ed infrastrutture per la protezione civile;None;2011-02-03;43.3105117412066;11.33376916188;strada di ruffolo;139.49736879152204
regione toscana;2016;b;0.0;no;no;0.0;realizzazione di lavori pubblici (opere ed impiantistica);nuova_reali;nazionale;sistemi di parcheggio;None;2011-09-09;43.3105117412066;11.33376916188;via garibaldi;139.49736879152204
ministero delle infrastrutture e dei trasporti - dipartimento per i trasporti, la navigazione, gli affari generali e del personale;2016;b;54.3;si;no;5596238.96;realizzazione di lavori pubblici (opere ed impiantistica);nuova_reali;nazionale;altre opere per la pubblica sicurezza;None;2010-10-21;41.887866059352;12.2284375486992;via flli wright 40;138.9260717583379
regione abruzzo;2016;a;138.49;si;None;1719897.08;realizzazione di lavori pubblici (opere ed impiantistica);nuova_reali;regionale;altre opere per l'utilizzo delle risorse idriche;None;2014-03-29;41.9673792436133;13.9470583102492;via tenimento irriguo di pettorano sul gizio;138.61749026636562
regione abruzzo;2016;b;53.34;si;None;1714490.0;realizzazione di lavori pubblici (opere ed impiantistica);nuova_reali;regionale;altre opere per l'utilizzo delle risorse idriche;None;2014-03-29;42.0549752832501;14.0274124200245;localit? pacentro, sulmona e pettorano sul gizio;134.64701514816372
regione toscana;2016;c;100.0;no;si;2350631.09;realizzazione di lavori pubblici (opere ed impiantistica);nuova_reali;regionale;altre opere di edilizia abitativa;None;2008-06-16;43.5579711036755;11.5238971176209;localit&#65533, cetinale;134.63849053002104
regione lazio - osservatorio regionale contratti pubblici;2016;b;38.74;si;no;64368.01;realizzazione di lavori pubblici (opere ed impiantistica);nuova_reali;regionale;altre strutture ricreative;None;2013-10-16;41.813662121311;13.3090650690473;loc campocatino;134.3329024619174
ministero delle infrastrutture e dei trasporti - dipartimento per i trasporti, la navigazione, gli affari generali e del personale;2016;b;89.35;si;no;11980132.0;realizzazione di lavori pubblici (opere ed impiantistica);nuova_reali;nazionale;caserme;None;2011-04-04;41.8856460823888;12.4608743841537;via aurelia 511;131.56995815725662
ministero delle infrastrutture e dei trasporti - dipartimento per i trasporti, la navigazione, gli affari generali e del personale;2016;a;16.25;si;no;134519286.19;realizzazione di lavori pubblici (opere ed impiantistica);nuova_reali;nazionale;impianti sportivi;None;2014-06-30;41.8856460823888;12.4608743841537;campus universitario;131.56995815725662
regione lazio - osservatorio regionale contratti pubblici;2016;b;7.84;si;no;864525.7;realizzazione di lavori pubblici (opere ed impiantistica);nuova_reali;regionale;altre opere di edilizia pubblica;None;2011-03-02;41.8856460823888;12.4608743841537;cesano comparto m;131.56995815725662
regione abruzzo;2016;a;16.41;None;si;125870.84;realizzazione di lavori pubblici (opere ed impiantistica);nuova_reali;regionale;strade regionali, provinciali e comunali;None;2011-02-08;42.0655413458925;13.9343841312456;via stazione introdacqua;129.06551788828966
regione lazio - osservatorio regionale contratti pubblici;2016;b;63.07;None;si;603732.62;realizzazione di lavori pubblici (opere ed impiantistica);nuova_reali;regionale;strade regionali, provinciali e comunali;None;2011-01-03;41.882698509217;12.7908798260632;colonnelle;125.41761942253883
regione lazio - osservatorio regionale contratti pubblici;2016;b;0.0;None;si;0.0;realizzazione di lavori pubblici (opere ed impiantistica);nuova_reali;regionale;strade regionali, provinciali e comunali;None;2012-06-12;41.882698509217;12.7908798260632;viale aldo moro;125.41761942253883
regione abruzzo;2016;c;52.82;si;no;895651.2;realizzazione di lavori pubblici (opere ed impiantistica);nuova_reali;regionale;impianti sportivi;None;2005-04-21;42.0990936288624;13.8970270489993;via fonte s angelo, loc spinelle;124.23500480911561
regione abruzzo;2016;a;34.49;si;None;743404.89;realizzazione di lavori pubblici (opere ed impiantistica);nuova_reali;regionale;altre opere di edilizia pubblica;None;2015-04-07;41.9550481643119;13.4771179999691;via alessandro torlonia;122.60428612236703
regione emilia-romagna;2016;b;30.95;no;no;2521813.12;realizzazione di lavori pubblici (opere ed impiantistica);nuova_reali;nazionale;impianti sportivi;None;2011-02-18;44.0389202142901;12.5305561697691;via montevecchio;121.56529871943872
regione abruzzo;2016;a;80.5;None;None;2042670.91;realizzazione di lavori pubblici (opere ed impiantistica);nuova_reali;regionale;altri trasporti urbani;None;2008-11-13;42.3586418226369;14.1626252228487;via terminal piazza barbella;118.81941558214619
ministero delle infrastrutture e dei trasporti - dipartimento per i trasporti, la navigazione, gli affari generali e del personale;2016;b;24.18;si;no;3080000.0;realizzazione di lavori pubblici (opere ed impiantistica);nuova_reali;nazionale;caserme;None;2015-03-31;42.4560126750712;14.2032946323651;via rigopiano;115.40738826978682
regione abruzzo;2016;b;14.62;None;si;220580.99;realizzazione di lavori pubblici (opere ed impiantistica);nuova_reali;regionale;altri presidi sanitari territoriali;None;2012-02-22;42.4560126750712;14.2032946323651;via rio sparto;115.40738826978682
regione abruzzo;2016;a;24.4;si;no;416547.0;realizzazione di lavori pubblici (opere ed impiantistica);nuova_reali;regionale;edilizia scolastica;None;2010-04-23;42.4933853833875;14.1418332725838;villa carmine;108.93385039160204
regione abruzzo;2016;b;16.95;si;no;289445.1;realizzazione di lavori pubblici (opere ed impiantistica);nuova_reali;regionale;edilizia scolastica;None;2010-04-23;42.4933853833875;14.1418332725838;via inghilterra;108.93385039160204
regione lazio - osservatorio regionale contratti pubblici;2016;b;56.71;si;no;2754643.16;realizzazione di lavori pubblici (opere ed impiantistica);nuova_reali;regionale;altre opere di edilizia pubblica;None;2009-07-14;42.0676972907387;12.6224717141101;via amaldi;108.18375866822001
regione marche;2016;b;0.0;si;si;0.0;realizzazione di lavori pubblici (opere ed impiantistica);nuova_reali;regionale;strade regionali, provinciali e comunali;None;2016-03-30;43.8904572188266;12.4805375216002;via gesso-fratte;107.5285670577568
regione lazio - osservatorio regionale contratti pubblici;2016;a;95.81;None;si;390044.17;realizzazione di lavori pubblici (opere ed impiantistica);nuova_reali;regionale;impianti depurazione acque;None;2009-02-27;42.0806546574927;12.7459842489469;via molaccia - frazione di cretone;104.32322934679188
regione lazio - osservatorio regionale contratti pubblici;2016;a;0.0;None;si;0.0;realizzazione di lavori pubblici (opere ed impiantistica);nuova_reali;regionale;impianti smaltimento rifiuti urbani;None;2009-02-27;42.0806546574927;12.7459842489469;la piana;104.32322934679188
regione lazio - osservatorio regionale contratti pubblici;2016;a;0.0;None;si;0.0;realizzazione di lavori pubblici (opere ed impiantistica);nuova_reali;regionale;altre opere stradali;None;2013-07-02;42.0806546574927;12.7459842489469;via cerasari;104.32322934679188
regione abruzzo;2016;b;35.38;no;no;66625.0;realizzazione di lavori pubblici (opere ed impiantistica);nuova_reali;regionale;reti fognarie;None;2013-09-26;42.5866139378128;13.8564773009249;via loc bivio stampallone;83.6463341275622
regione abruzzo;2016;a;9.0;si;no;77132.0;realizzazione di lavori pubblici (opere ed impiantistica);nuova_reali;regionale;serbatoi ed impianti di sollevamento;None;2016-03-31;42.7410330402997;13.9412130420729;via zona costa verde;81.92975024448525
regione abruzzo;2016;c;43.34;si;no;460932.22;realizzazione di lavori pubblici (opere ed impiantistica);nuova_reali;regionale;edilizia scolastica;None;2014-03-27;42.6606798432591;13.8862330091462;via pianura vomano di guardia vomano;81.52548952063945
ministero delle infrastrutture e dei trasporti - dipartimento per i trasporti, la navigazione, gli affari generali e del personale;2016;a;82.05;si;None;131280.0;realizzazione di lavori pubblici (opere ed impiantistica);nuova_reali;nazionale;altre opere per la pubblica sicurezza;None;2014-04-10;43.1048926404131;12.0171243332098;via lungolago, 46;80.70868245947997
regione abruzzo;2016;a;25.01;no;si;114905.19;realizzazione di lavori pubblici (opere ed impiantistica);nuova_reali;regionale;reti fognarie;None;2013-09-26;42.6662136426939;13.8367335127914;via case molino;77.67114219438932
regione abruzzo;2016;a;18.73;no;si;575267.78;realizzazione di lavori pubblici (opere ed impiantistica);nuova_reali;regionale;impianti depurazione acque;None;2013-09-26;42.6662136426939;13.8367335127914;via loc cordesco;77.67114219438932
regione abruzzo;2016;b;0.0;None;si;0.0;realizzazione di lavori pubblici (opere ed impiantistica);nuova_reali;regionale;altre infrastrutture;None;2013-10-01;42.7989838645834;13.9093641626066;via xxiv maggio;77.37140461133363
ministero delle infrastrutture e dei trasporti - dipartimento per i trasporti, la navigazione, gli affari generali e del personale;2016;a;77.01;no;si;344186.78;realizzazione di lavori pubblici (opere ed impiantistica);nuova_reali;nazionale;edilizia scolastica;None;2011-09-20;42.3933849777158;13.4249056642202;via leonardo da vinci;75.86565851539753
regione marche;2016;c;99.86;no;si;5098861.99;realizzazione di lavori pubblici (opere ed impiantistica);nuova_reali;regionale;residenze sanitarie assistenziali;None;2013-09-12;43.5727113144653;13.4918590188619;via cupa di posatora;75.10293226309739
regione abruzzo;2016;a;20.62;si;no;79983.0;realizzazione di lavori pubblici (opere ed impiantistica);nuova_reali;regionale;edilizia scolastica;None;2009-06-01;42.8274413479885;13.8535640596535;viale dei celestini;72.1108750374146
regione marche;2016;b;0.0;no;no;0.0;realizzazione di lavori pubblici (opere ed impiantistica);nuova_reali;regionale;edilizia scolastica;None;2008-08-20;42.9804292369208;13.8507290905117;via s d'acquisto;69.22862215705513
regione marche;2016;b;2.02;no;si;146671.01;realizzazione di lavori pubblici (opere ed impiantistica);nuova_reali;regionale;edilizia scolastica;None;2008-02-20;43.4643980748763;13.5630719370206;via montessori;68.90162134326177
regione abruzzo;2016;a;50.0;no;no;1081567.01;realizzazione di lavori pubblici (opere ed impiantistica);nuova_reali;regionale;strade regionali, provinciali e comunali;None;2017-03-31;42.6288661706876;13.4980772148627;frazione macchiatornella;57.91032117347904
ministero delle infrastrutture e dei trasporti - dipartimento per i trasporti, la navigazione, gli affari generali e del personale;2016;a;69.0;si;None;1104000.0;realizzazione di lavori pubblici (opere ed impiantistica);nuova_reali;nazionale;caserme;None;2010-11-30;42.5795952686587;12.6605602480384;via proietti divi;54.33655281517727
ministero delle infrastrutture e dei trasporti - dipartimento per i trasporti, la navigazione, gli affari generali e del personale;2016;b;1.27;None;None;3684418.0;realizzazione di lavori pubblici (opere ed impiantistica);nuova_reali;nazionale;strade statali;None;2004-01-08;43.3317234015625;12.9066007524421;None;37.655721249012146
regione marche;2016;a;22.94;si;None;132693.37;realizzazione di lavori pubblici (opere ed impiantistica);nuova_reali;regionale;fabbricati residenziali urbani;None;2013-09-26;42.9358667169798;13.0517830662724;vallopa;8.282971894666026
